date,day_type,week_number,dpd_bucket,channel,template_name,attempt_count,success_count,success_pct
2026-04-01,Weekday,1,1-30 DPD,SMS,Bucket1_EN,2455,,
2026-04-01,Weekday,1,1-30 DPD,Push,Bucket1_EN,6759,,
2026-04-01,Weekday,1,1-30 DPD,IVR,Due_Reminder_EN,14790,5145,0.34787
2026-04-01,Weekday,1,1-30 DPD,NABA,Bucket1_EN,444,442,0.995495
2026-04-01,Weekday,1,31-60 DPD,SMS,Bucket2_EN,1531,,
2026-04-01,Weekday,1,31-60 DPD,Push,Bucket2_EN,4417,,
2026-04-01,Weekday,1,31-60 DPD,IVR,Due_Reminder_EN,6834,2196,0.321335
2026-04-01,Weekday,1,31-60 DPD,NABA,Bucket2_EN,234,233,0.995726
2026-04-01,Weekday,1,61-90 DPD,SMS,PKT3_PreLegal_EN,597,,
2026-04-01,Weekday,1,61-90 DPD,Push,PKT3_PreLegal_EN,2318,,
2026-04-01,Weekday,1,61-90 DPD,IVR,LPC_EN,4136,1142,0.276112
2026-04-01,Weekday,1,61-90 DPD,NABA,PKT3_PreLegal_EN,385,383,0.994805
2026-04-01,Weekday,1,>91 DPD,SMS,NPA_Offer_EN,1614,,
2026-04-01,Weekday,1,>91 DPD,Push,NPA_Offer_EN,4818,,
2026-04-01,Weekday,1,>91 DPD,IVR,NPA_Offer_EN,11475,2316,0.20183
2026-04-01,Weekday,1,>91 DPD,NABA,NPA_Offer_EN,1045,1035,0.990431
2026-04-01,Weekday,1,Write-off,SMS,Write_Off_EN,1579,,
2026-04-01,Weekday,1,Write-off,Push,Write_Off_EN,3272,,
2026-04-01,Weekday,1,Write-off,IVR,Write_Off_EN,10393,1789,0.172135
2026-04-01,Weekday,1,Write-off,NABA,Write_Off_EN,1000,948,0.948
2026-04-02,Weekday,1,1-30 DPD,SMS,Bucket1_EN,2233,,
2026-04-02,Weekday,1,1-30 DPD,Push,Bucket1_EN,7277,,
2026-04-02,Weekday,1,1-30 DPD,IVR,Due_Reminder_EN,12522,4482,0.35793
2026-04-02,Weekday,1,1-30 DPD,NABA,Bucket1_EN,411,409,0.995134
2026-04-02,Weekday,1,31-60 DPD,SMS,Bucket2_EN,1329,,
2026-04-02,Weekday,1,31-60 DPD,Push,Bucket2_EN,4178,,
2026-04-02,Weekday,1,31-60 DPD,IVR,Due_Reminder_EN,6550,1886,0.287939
2026-04-02,Weekday,1,31-60 DPD,NABA,Bucket2_EN,227,226,0.995595
2026-04-02,Weekday,1,61-90 DPD,SMS,PKT3_PreLegal_EN,629,,
2026-04-02,Weekday,1,61-90 DPD,Push,PKT3_PreLegal_EN,2355,,
2026-04-02,Weekday,1,61-90 DPD,IVR,LPC_EN,4062,1134,0.279173
2026-04-02,Weekday,1,61-90 DPD,NABA,PKT3_PreLegal_EN,383,381,0.994778
2026-04-02,Weekday,1,>91 DPD,SMS,NPA_Offer_EN,1543,,
2026-04-02,Weekday,1,>91 DPD,Push,NPA_Offer_EN,4781,,
2026-04-02,Weekday,1,>91 DPD,IVR,NPA_Offer_EN,10413,2015,0.193508
2026-04-02,Weekday,1,>91 DPD,NABA,NPA_Offer_EN,967,958,0.990693
2026-04-02,Weekday,1,Write-off,SMS,Write_Off_EN,1770,,
2026-04-02,Weekday,1,Write-off,Push,Write_Off_EN,3201,,
2026-04-02,Weekday,1,Write-off,IVR,Write_Off_EN,8716,1428,0.163837
2026-04-02,Weekday,1,Write-off,NABA,Write_Off_EN,915,866,0.946448
2026-04-03,Weekend,1,1-30 DPD,IVR,Due_Reminder_EN,4754,1698,0.357173
2026-04-03,Weekend,1,31-60 DPD,IVR,Due_Reminder_EN,2826,883,0.312456
2026-04-03,Weekend,1,61-90 DPD,IVR,LPC_EN,1355,381,0.281181
2026-04-03,Weekend,1,>91 DPD,IVR,NPA_Offer_EN,3714,791,0.212978
2026-04-03,Weekend,1,Write-off,IVR,Write_Off_EN,3604,570,0.158158
2026-04-04,Weekend,1,1-30 DPD,IVR,Due_Reminder_EN,4876,1881,0.385767
2026-04-04,Weekend,1,31-60 DPD,IVR,Due_Reminder_EN,2831,821,0.290004
2026-04-04,Weekend,1,61-90 DPD,IVR,LPC_EN,1342,356,0.265276
2026-04-04,Weekend,1,>91 DPD,IVR,NPA_Offer_EN,4142,833,0.201111
2026-04-04,Weekend,1,Write-off,IVR,Write_Off_EN,3535,618,0.174823
2026-04-05,Weekday,1,1-30 DPD,SMS,Bucket1_EN,2328,,
2026-04-05,Weekday,1,1-30 DPD,Push,Bucket1_EN,6746,,
2026-04-05,Weekday,1,1-30 DPD,IVR,Due_Reminder_EN,14447,5437,0.376341
2026-04-05,Weekday,1,1-30 DPD,NABA,Bucket1_EN,497,495,0.995976
2026-04-05,Weekday,1,31-60 DPD,SMS,Bucket2_EN,1334,,
2026-04-05,Weekday,1,31-60 DPD,Push,Bucket2_EN,4083,,
2026-04-05,Weekday,1,31-60 DPD,IVR,Due_Reminder_EN,6455,1890,0.292796
2026-04-05,Weekday,1,31-60 DPD,NABA,Bucket2_EN,252,251,0.996032
2026-04-05,Weekday,1,61-90 DPD,SMS,PKT3_PreLegal_EN,696,,
2026-04-05,Weekday,1,61-90 DPD,Push,PKT3_PreLegal_EN,1987,,
2026-04-05,Weekday,1,61-90 DPD,IVR,LPC_EN,3950,1080,0.273418
2026-04-05,Weekday,1,61-90 DPD,NABA,PKT3_PreLegal_EN,364,362,0.994505
2026-04-05,Weekday,1,>91 DPD,SMS,NPA_Offer_EN,1817,,
2026-04-05,Weekday,1,>91 DPD,Push,NPA_Offer_EN,4813,,
2026-04-05,Weekday,1,>91 DPD,IVR,NPA_Offer_EN,10303,2028,0.196836
2026-04-05,Weekday,1,>91 DPD,NABA,NPA_Offer_EN,972,963,0.990741
2026-04-05,Weekday,1,Write-off,SMS,Write_Off_EN,1583,,
2026-04-05,Weekday,1,Write-off,Push,Write_Off_EN,3291,,
2026-04-05,Weekday,1,Write-off,IVR,Write_Off_EN,9235,1630,0.176502
2026-04-05,Weekday,1,Write-off,NABA,Write_Off_EN,1002,950,0.948104
2026-04-06,Weekday,1,1-30 DPD,SMS,Bucket1_EN,2315,,
2026-04-06,Weekday,1,1-30 DPD,Push,Bucket1_EN,6670,,
2026-04-06,Weekday,1,1-30 DPD,IVR,Due_Reminder_EN,13743,5258,0.382595
2026-04-06,Weekday,1,1-30 DPD,NABA,Bucket1_EN,479,477,0.995825
2026-04-06,Weekday,1,31-60 DPD,SMS,Bucket2_EN,1279,,
2026-04-06,Weekday,1,31-60 DPD,Push,Bucket2_EN,4257,,
2026-04-06,Weekday,1,31-60 DPD,IVR,Due_Reminder_EN,8018,2375,0.296209
2026-04-06,Weekday,1,31-60 DPD,NABA,Bucket2_EN,260,259,0.996154
2026-04-06,Weekday,1,61-90 DPD,SMS,PKT3_PreLegal_EN,713,,
2026-04-06,Weekday,1,61-90 DPD,Push,PKT3_PreLegal_EN,2126,,
2026-04-06,Weekday,1,61-90 DPD,IVR,LPC_EN,3354,883,0.263268
2026-04-06,Weekday,1,61-90 DPD,NABA,PKT3_PreLegal_EN,358,356,0.994413
2026-04-06,Weekday,1,>91 DPD,SMS,NPA_Offer_EN,1706,,
2026-04-06,Weekday,1,>91 DPD,Push,NPA_Offer_EN,5477,,
2026-04-06,Weekday,1,>91 DPD,IVR,NPA_Offer_EN,11472,2379,0.207374
2026-04-06,Weekday,1,>91 DPD,NABA,NPA_Offer_EN,972,962,0.989712
2026-04-06,Weekday,1,Write-off,SMS,Write_Off_EN,1669,,
2026-04-06,Weekday,1,Write-off,Push,Write_Off_EN,2641,,
2026-04-06,Weekday,1,Write-off,IVR,Write_Off_EN,9083,1603,0.176484
2026-04-06,Weekday,1,Write-off,NABA,Write_Off_EN,823,779,0.946537
2026-04-07,Weekday,1,1-30 DPD,SMS,Bucket1_EN,2463,,
2026-04-07,Weekday,1,1-30 DPD,Push,Bucket1_EN,6651,,
2026-04-07,Weekday,1,1-30 DPD,IVR,Due_Reminder_EN,13171,4668,0.354415
2026-04-07,Weekday,1,1-30 DPD,NABA,Bucket1_EN,463,461,0.99568
2026-04-07,Weekday,1,31-60 DPD,SMS,Bucket2_EN,1453,,
2026-04-07,Weekday,1,31-60 DPD,Push,Bucket2_EN,4842,,
2026-04-07,Weekday,1,31-60 DPD,IVR,Due_Reminder_EN,7646,2392,0.312843
2026-04-07,Weekday,1,31-60 DPD,NABA,Bucket2_EN,260,259,0.996154
2026-04-07,Weekday,1,61-90 DPD,SMS,PKT3_PreLegal_EN,692,,
2026-04-07,Weekday,1,61-90 DPD,Push,PKT3_PreLegal_EN,1967,,
2026-04-07,Weekday,1,61-90 DPD,IVR,LPC_EN,3930,1100,0.279898
2026-04-07,Weekday,1,61-90 DPD,NABA,PKT3_PreLegal_EN,384,382,0.994792
2026-04-07,Weekday,1,>91 DPD,SMS,NPA_Offer_EN,1525,,
2026-04-07,Weekday,1,>91 DPD,Push,NPA_Offer_EN,5342,,
2026-04-07,Weekday,1,>91 DPD,IVR,NPA_Offer_EN,10506,2001,0.190463
2026-04-07,Weekday,1,>91 DPD,NABA,NPA_Offer_EN,953,944,0.990556
2026-04-07,Weekday,1,Write-off,SMS,Write_Off_EN,1443,,
2026-04-07,Weekday,1,Write-off,Push,Write_Off_EN,3101,,
2026-04-07,Weekday,1,Write-off,IVR,Write_Off_EN,10400,1689,0.162404
2026-04-07,Weekday,1,Write-off,NABA,Write_Off_EN,884,838,0.947964
2026-04-08,Weekday,2,1-30 DPD,SMS,Bucket1_EN,2259,,
2026-04-08,Weekday,2,1-30 DPD,Push,Bucket1_EN,7983,,
2026-04-08,Weekday,2,1-30 DPD,IVR,Due_Reminder_EN,14837,5266,0.354924
2026-04-08,Weekday,2,1-30 DPD,NABA,Bucket1_EN,436,434,0.995413
2026-04-08,Weekday,2,31-60 DPD,SMS,Bucket2_EN,1319,,
2026-04-08,Weekday,2,31-60 DPD,Push,Bucket2_EN,4981,,
2026-04-08,Weekday,2,31-60 DPD,IVR,Due_Reminder_EN,7878,2301,0.292079
2026-04-08,Weekday,2,31-60 DPD,NABA,Mobile_Update_EN,220,219,0.995455
2026-04-08,Weekday,2,61-90 DPD,SMS,PKT3_PreLegal_EN,629,,
2026-04-08,Weekday,2,61-90 DPD,Push,PKT3_PreLegal_EN,2045,,
2026-04-08,Weekday,2,61-90 DPD,IVR,LPC_EN,3580,1036,0.289385
2026-04-08,Weekday,2,61-90 DPD,NABA,PKT3_PreLegal_EN,321,319,0.993769
2026-04-08,Weekday,2,>91 DPD,SMS,NPA_Offer_EN,1728,,
2026-04-08,Weekday,2,>91 DPD,Push,NPA_Offer_EN,4587,,
2026-04-08,Weekday,2,>91 DPD,IVR,NPA_Offer_EN,10804,2159,0.199833
2026-04-08,Weekday,2,>91 DPD,NABA,NPA_Offer_EN,956,947,0.990586
2026-04-08,Weekday,2,Write-off,SMS,Write_Off_EN,1644,,
2026-04-08,Weekday,2,Write-off,Push,Write_Off_EN,2766,,
2026-04-08,Weekday,2,Write-off,IVR,Write_Off_EN,8929,1530,0.171352
2026-04-08,Weekday,2,Write-off,NABA,Write_Off_EN,882,835,0.946712
2026-04-09,Weekday,2,1-30 DPD,SMS,Bucket1_EN,2333,,
2026-04-09,Weekday,2,1-30 DPD,Push,Bucket1_EN,6761,,
2026-04-09,Weekday,2,1-30 DPD,IVR,Due_Reminder_EN,15556,5414,0.348033
2026-04-09,Weekday,2,1-30 DPD,NABA,Mobile_Update_EN,465,463,0.995699
2026-04-09,Weekday,2,31-60 DPD,SMS,Bucket2_EN,1433,,
2026-04-09,Weekday,2,31-60 DPD,Push,Bucket2_EN,4974,,
2026-04-09,Weekday,2,31-60 DPD,IVR,Due_Reminder_EN,6583,2016,0.306243
2026-04-09,Weekday,2,31-60 DPD,NABA,Bucket2_EN,232,231,0.99569
2026-04-09,Weekday,2,61-90 DPD,SMS,PKT3_PreLegal_EN,587,,
2026-04-09,Weekday,2,61-90 DPD,Push,PKT3_PreLegal_EN,2001,,
2026-04-09,Weekday,2,61-90 DPD,IVR,LPC_EN,3474,1009,0.290443
2026-04-09,Weekday,2,61-90 DPD,NABA,PKT3_PreLegal_EN,356,354,0.994382
2026-04-09,Weekday,2,>91 DPD,SMS,NPA_Offer_EN,1559,,
2026-04-09,Weekday,2,>91 DPD,Push,NPA_Offer_EN,4873,,
2026-04-09,Weekday,2,>91 DPD,IVR,NPA_Offer_EN,10716,2229,0.208007
2026-04-09,Weekday,2,>91 DPD,NABA,NPA_Offer_EN,993,983,0.98993
2026-04-09,Weekday,2,Write-off,SMS,Write_Off_EN,1651,,
2026-04-09,Weekday,2,Write-off,Push,Write_Off_EN,2989,,
2026-04-09,Weekday,2,Write-off,IVR,Write_Off_EN,9528,1622,0.170235
2026-04-09,Weekday,2,Write-off,NABA,Write_Off_EN,804,761,0.946517
2026-04-10,Weekend,2,1-30 DPD,IVR,Due_Reminder_EN,5215,1747,0.334995
2026-04-10,Weekend,2,31-60 DPD,IVR,Due_Reminder_EN,2289,668,0.29183
2026-04-10,Weekend,2,61-90 DPD,IVR,LPC_EN,1331,354,0.265965
2026-04-10,Weekend,2,>91 DPD,IVR,NPA_Offer_EN,3641,716,0.196649
2026-04-10,Weekend,2,Write-off,IVR,Write_Off_EN,3013,489,0.162297
2026-04-11,Weekend,2,1-30 DPD,IVR,Due_Reminder_EN,4707,1655,0.351604
2026-04-11,Weekend,2,31-60 DPD,IVR,Due_Reminder_EN,2271,650,0.286218
2026-04-11,Weekend,2,61-90 DPD,IVR,LPC_EN,1172,296,0.25256
2026-04-11,Weekend,2,>91 DPD,IVR,NPA_Offer_EN,4435,881,0.198647
2026-04-11,Weekend,2,Write-off,IVR,Write_Off_EN,3729,608,0.163046
2026-04-12,Weekday,2,1-30 DPD,SMS,Bucket1_EN,2699,,
2026-04-12,Weekday,2,1-30 DPD,Push,Bucket1_EN,6873,,
2026-04-12,Weekday,2,1-30 DPD,IVR,Due_Reminder_EN,12985,4573,0.352176
2026-04-12,Weekday,2,1-30 DPD,NABA,Bucket1_EN,413,411,0.995157
2026-04-12,Weekday,2,31-60 DPD,SMS,Bucket2_EN,1300,,
2026-04-12,Weekday,2,31-60 DPD,Push,Mobile_Update_EN,4442,,
2026-04-12,Weekday,2,31-60 DPD,IVR,Due_Reminder_EN,7761,2185,0.281536
2026-04-12,Weekday,2,31-60 DPD,NABA,Bucket2_EN,235,234,0.995745
2026-04-12,Weekday,2,61-90 DPD,SMS,PKT3_PreLegal_EN,693,,
2026-04-12,Weekday,2,61-90 DPD,Push,PKT3_PreLegal_EN,2243,,
2026-04-12,Weekday,2,61-90 DPD,IVR,LPC_EN,4121,1100,0.266926
2026-04-12,Weekday,2,61-90 DPD,NABA,PKT3_PreLegal_EN,405,403,0.995062
2026-04-12,Weekday,2,>91 DPD,SMS,NPA_Offer_EN,1861,,
2026-04-12,Weekday,2,>91 DPD,Push,NPA_Offer_EN,4921,,
2026-04-12,Weekday,2,>91 DPD,IVR,NPA_Offer_EN,10202,2213,0.216918
2026-04-12,Weekday,2,>91 DPD,NABA,NPA_Offer_EN,943,934,0.990456
2026-04-12,Weekday,2,Write-off,SMS,Write_Off_EN,1472,,
2026-04-12,Weekday,2,Write-off,Push,Write_Off_EN,3017,,
2026-04-12,Weekday,2,Write-off,IVR,Write_Off_EN,10557,1702,0.16122
2026-04-12,Weekday,2,Write-off,NABA,Write_Off_EN,979,927,0.946885
2026-04-13,Weekday,2,1-30 DPD,SMS,Bucket1_EN,2223,,
2026-04-13,Weekday,2,1-30 DPD,Push,Bucket1_EN,6828,,
2026-04-13,Weekday,2,1-30 DPD,IVR,Due_Reminder_EN,15570,5201,0.33404
2026-04-13,Weekday,2,1-30 DPD,NABA,Bucket1_EN,449,447,0.995546
2026-04-13,Weekday,2,31-60 DPD,SMS,Bucket2_EN,1498,,
2026-04-13,Weekday,2,31-60 DPD,Push,Bucket2_EN,4708,,
2026-04-13,Weekday,2,31-60 DPD,IVR,Due_Reminder_EN,7694,2176,0.282818
2026-04-13,Weekday,2,31-60 DPD,NABA,Bucket2_EN,261,260,0.996169
2026-04-13,Weekday,2,61-90 DPD,SMS,PKT3_PreLegal_EN,588,,
2026-04-13,Weekday,2,61-90 DPD,Push,PKT3_PreLegal_EN,2152,,
2026-04-13,Weekday,2,61-90 DPD,IVR,LPC_EN,4172,1084,0.259827
2026-04-13,Weekday,2,61-90 DPD,NABA,PKT3_PreLegal_EN,342,340,0.994152
2026-04-13,Weekday,2,>91 DPD,SMS,NPA_Offer_EN,1843,,
2026-04-13,Weekday,2,>91 DPD,Push,NPA_Offer_EN,5051,,
2026-04-13,Weekday,2,>91 DPD,IVR,NPA_Offer_EN,11648,2258,0.193853
2026-04-13,Weekday,2,>91 DPD,NABA,NPA_Offer_EN,1067,1057,0.990628
2026-04-13,Weekday,2,Write-off,SMS,Write_Off_EN,1614,,
2026-04-13,Weekday,2,Write-off,Push,Write_Off_EN,3067,,
2026-04-13,Weekday,2,Write-off,IVR,Write_Off_EN,8894,1467,0.164943
2026-04-13,Weekday,2,Write-off,NABA,Write_Off_EN,817,774,0.947368
2026-04-14,Weekday,2,1-30 DPD,SMS,Mobile_Update_EN,2574,,
2026-04-14,Weekday,2,1-30 DPD,Push,Bucket1_EN,7422,,
2026-04-14,Weekday,2,1-30 DPD,IVR,Due_Reminder_EN,14165,4998,0.352842
2026-04-14,Weekday,2,1-30 DPD,NABA,Bucket1_EN,488,486,0.995902
2026-04-14,Weekday,2,31-60 DPD,SMS,Mobile_Update_EN,1223,,
2026-04-14,Weekday,2,31-60 DPD,Push,Mobile_Update_EN,4456,,
2026-04-14,Weekday,2,31-60 DPD,IVR,Due_Reminder_EN,6796,2194,0.322837
2026-04-14,Weekday,2,31-60 DPD,NABA,Mobile_Update_EN,258,257,0.996124
2026-04-14,Weekday,2,61-90 DPD,SMS,PKT3_PreLegal_EN,688,,
2026-04-14,Weekday,2,61-90 DPD,Push,PKT3_PreLegal_EN,1971,,
2026-04-14,Weekday,2,61-90 DPD,IVR,LPC_EN,3862,992,0.256862
2026-04-14,Weekday,2,61-90 DPD,NABA,PKT3_PreLegal_EN,328,326,0.993902
2026-04-14,Weekday,2,>91 DPD,SMS,NPA_Offer_EN,1626,,
2026-04-14,Weekday,2,>91 DPD,Push,NPA_Offer_EN,4617,,
2026-04-14,Weekday,2,>91 DPD,IVR,NPA_Offer_EN,10699,2187,0.204412
2026-04-14,Weekday,2,>91 DPD,NABA,NPA_Offer_EN,919,910,0.990207
2026-04-14,Weekday,2,Write-off,SMS,Write_Off_EN,1566,,
2026-04-14,Weekday,2,Write-off,Push,Write_Off_EN,3288,,
2026-04-14,Weekday,2,Write-off,IVR,Write_Off_EN,10530,1874,0.177968
2026-04-14,Weekday,2,Write-off,NABA,Write_Off_EN,924,875,0.94697
2026-04-15,Weekday,3,1-30 DPD,SMS,Bucket1_EN,2790,,
2026-04-15,Weekday,3,1-30 DPD,Push,Bucket1_EN,7424,,
2026-04-15,Weekday,3,1-30 DPD,IVR,Due_Reminder_EN,15074,5490,0.364203
2026-04-15,Weekday,3,1-30 DPD,NABA,Bucket1_EN,404,402,0.99505
2026-04-15,Weekday,3,31-60 DPD,SMS,Bucket2_EN,1262,,
2026-04-15,Weekday,3,31-60 DPD,Push,Bucket2_EN,4538,,
2026-04-15,Weekday,3,31-60 DPD,IVR,Due_Reminder_EN,7435,2365,0.31809
2026-04-15,Weekday,3,31-60 DPD,NABA,Bucket2_EN,223,222,0.995516
2026-04-15,Weekday,3,61-90 DPD,SMS,PKT3_PreLegal_EN,681,,
2026-04-15,Weekday,3,61-90 DPD,Push,PKT3_PreLegal_EN,2034,,
2026-04-15,Weekday,3,61-90 DPD,IVR,LPC_EN,3595,940,0.261474
2026-04-15,Weekday,3,61-90 DPD,NABA,Legal_Warning_EN,332,330,0.993976
2026-04-15,Weekday,3,>91 DPD,SMS,NPA_Offer_EN,1664,,
2026-04-15,Weekday,3,>91 DPD,Push,NPA_Offer_EN,5242,,
2026-04-15,Weekday,3,>91 DPD,IVR,NPA_Offer_EN,11768,2551,0.216774
2026-04-15,Weekday,3,>91 DPD,NABA,NPA_Offer_EN,898,890,0.991091
2026-04-15,Weekday,3,Write-off,SMS,Write_Off_EN,1576,,
2026-04-15,Weekday,3,Write-off,Push,Write_Off_EN,3101,,
2026-04-15,Weekday,3,Write-off,IVR,Write_Off_EN,9404,1547,0.164504
2026-04-15,Weekday,3,Write-off,NABA,Write_Off_EN,840,795,0.946429
2026-04-16,Weekday,3,1-30 DPD,SMS,Bucket1_EN,2385,,
2026-04-16,Weekday,3,1-30 DPD,Push,Bucket1_EN,7161,,
2026-04-16,Weekday,3,1-30 DPD,IVR,Due_Reminder_EN,14479,5649,0.390151
2026-04-16,Weekday,3,1-30 DPD,NABA,Bucket1_EN,416,415,0.997596
2026-04-16,Weekday,3,31-60 DPD,SMS,Bucket2_EN,1475,,
2026-04-16,Weekday,3,31-60 DPD,Push,Bucket2_EN,4553,,
2026-04-16,Weekday,3,31-60 DPD,IVR,Due_Reminder_EN,6703,1995,0.297628
2026-04-16,Weekday,3,31-60 DPD,NABA,Bucket2_EN,245,244,0.995918
2026-04-16,Weekday,3,61-90 DPD,SMS,PKT3_PreLegal_EN,633,,
2026-04-16,Weekday,3,61-90 DPD,Push,PKT3_PreLegal_EN,2059,,
2026-04-16,Weekday,3,61-90 DPD,IVR,LPC_EN,3492,983,0.281501
2026-04-16,Weekday,3,61-90 DPD,NABA,PKT3_PreLegal_EN,361,359,0.99446
2026-04-16,Weekday,3,>91 DPD,SMS,NPA_Offer_EN,1909,,
2026-04-16,Weekday,3,>91 DPD,Push,NPA_Offer_EN,5574,,
2026-04-16,Weekday,3,>91 DPD,IVR,NPA_Offer_EN,10986,2394,0.217914
2026-04-16,Weekday,3,>91 DPD,NABA,NPA_Offer_EN,1060,1050,0.990566
2026-04-16,Weekday,3,Write-off,SMS,Write_Off_EN,1729,,
2026-04-16,Weekday,3,Write-off,Push,Write_Off_EN,2661,,
2026-04-16,Weekday,3,Write-off,IVR,Write_Off_EN,10235,1855,0.181241
2026-04-16,Weekday,3,Write-off,NABA,Write_Off_EN,886,839,0.946953
2026-04-17,Weekend,3,1-30 DPD,IVR,Due_Reminder_EN,4541,1525,0.335829
2026-04-17,Weekend,3,31-60 DPD,IVR,Due_Reminder_EN,2805,910,0.324421
2026-04-17,Weekend,3,61-90 DPD,IVR,LPC_EN,1341,384,0.286353
2026-04-17,Weekend,3,>91 DPD,IVR,NPA_Offer_EN,3536,689,0.194853
2026-04-17,Weekend,3,Write-off,IVR,Write_Off_EN,3615,591,0.163485
2026-04-18,Weekend,3,1-30 DPD,IVR,Due_Reminder_EN,4324,1523,0.35222
2026-04-18,Weekend,3,31-60 DPD,IVR,Due_Reminder_EN,2514,780,0.310263
2026-04-18,Weekend,3,61-90 DPD,IVR,LPC_EN,1272,344,0.27044
2026-04-18,Weekend,3,>91 DPD,IVR,NPA_Offer_EN,3505,674,0.192297
2026-04-18,Weekend,3,Write-off,IVR,Write_Off_EN,3729,670,0.179673
2026-04-19,Weekday,3,1-30 DPD,SMS,Bucket1_EN,2222,,
2026-04-19,Weekday,3,1-30 DPD,Push,Bucket1_EN,6836,,
2026-04-19,Weekday,3,1-30 DPD,IVR,Due_Reminder_EN,13565,4836,0.356506
2026-04-19,Weekday,3,1-30 DPD,NABA,Bucket1_EN,499,497,0.995992
2026-04-19,Weekday,3,31-60 DPD,SMS,Bucket2_EN,1271,,
2026-04-19,Weekday,3,31-60 DPD,Push,Bucket2_EN,4261,,
2026-04-19,Weekday,3,31-60 DPD,IVR,Due_Reminder_EN,7561,2368,0.313186
2026-04-19,Weekday,3,31-60 DPD,NABA,Bucket2_EN,223,222,0.995516
2026-04-19,Weekday,3,61-90 DPD,SMS,PKT3_PreLegal_EN,581,,
2026-04-19,Weekday,3,61-90 DPD,Push,PKT3_PreLegal_EN,2225,,
2026-04-19,Weekday,3,61-90 DPD,IVR,LPC_EN,4145,1087,0.262244
2026-04-19,Weekday,3,61-90 DPD,NABA,PKT3_PreLegal_EN,328,326,0.993902
2026-04-19,Weekday,3,>91 DPD,SMS,NPA_Offer_EN,1821,,
2026-04-19,Weekday,3,>91 DPD,Push,NPA_Offer_EN,4973,,
2026-04-19,Weekday,3,>91 DPD,IVR,NPA_Offer_EN,10192,1978,0.194074
2026-04-19,Weekday,3,>91 DPD,NABA,NPA_Offer_EN,983,973,0.989827
2026-04-19,Weekday,3,Write-off,SMS,Write_Off_EN,1500,,
2026-04-19,Weekday,3,Write-off,Push,Write_Off_EN,2906,,
2026-04-19,Weekday,3,Write-off,IVR,Write_Off_EN,9342,1504,0.160993
2026-04-19,Weekday,3,Write-off,NABA,Write_Off_EN,945,894,0.946032
2026-04-20,Weekday,3,1-30 DPD,SMS,Bucket1_EN,2341,,
2026-04-20,Weekday,3,1-30 DPD,Push,Bucket1_EN,7214,,
2026-04-20,Weekday,3,1-30 DPD,IVR,Due_Reminder_EN,15445,5732,0.371123
2026-04-20,Weekday,3,1-30 DPD,NABA,Bucket1_EN,511,509,0.996086
2026-04-20,Weekday,3,31-60 DPD,SMS,Bucket2_EN,1364,,
2026-04-20,Weekday,3,31-60 DPD,Push,Bucket2_EN,4999,,
2026-04-20,Weekday,3,31-60 DPD,IVR,Due_Reminder_EN,6705,2047,0.305295
2026-04-20,Weekday,3,31-60 DPD,NABA,Bucket2_EN,253,252,0.996047
2026-04-20,Weekday,3,61-90 DPD,SMS,PKT3_PreLegal_EN,643,,
2026-04-20,Weekday,3,61-90 DPD,Push,PKT3_PreLegal_EN,2234,,
2026-04-20,Weekday,3,61-90 DPD,IVR,LPC_EN,3821,1056,0.276367
2026-04-20,Weekday,3,61-90 DPD,NABA,PKT3_PreLegal_EN,371,369,0.994609
2026-04-20,Weekday,3,>91 DPD,SMS,NPA_Offer_EN,1899,,
2026-04-20,Weekday,3,>91 DPD,Push,NPA_Offer_EN,5130,,
2026-04-20,Weekday,3,>91 DPD,IVR,NPA_Offer_EN,11354,2262,0.199225
2026-04-20,Weekday,3,>91 DPD,NABA,NPA_Offer_EN,1042,1031,0.989443
2026-04-20,Weekday,3,Write-off,SMS,Write_Off_EN,1515,,
2026-04-20,Weekday,3,Write-off,Push,Write_Off_EN,2702,,
2026-04-20,Weekday,3,Write-off,IVR,Write_Off_EN,9549,1630,0.170699
2026-04-20,Weekday,3,Write-off,NABA,Write_Off_EN,951,901,0.947424
2026-04-21,Weekday,3,1-30 DPD,SMS,Bucket1_EN,2566,,
2026-04-21,Weekday,3,1-30 DPD,Push,Bucket1_EN,8123,,
2026-04-21,Weekday,3,1-30 DPD,IVR,Due_Reminder_EN,13099,4628,0.353309
2026-04-21,Weekday,3,1-30 DPD,NABA,Bucket1_EN,509,507,0.996071
2026-04-21,Weekday,3,31-60 DPD,SMS,Bucket2_EN,1232,,
2026-04-21,Weekday,3,31-60 DPD,Push,Bucket2_EN,4613,,
2026-04-21,Weekday,3,31-60 DPD,IVR,Due_Reminder_EN,7363,2048,0.278147
2026-04-21,Weekday,3,31-60 DPD,NABA,Bucket2_EN,239,238,0.995816
2026-04-21,Weekday,3,61-90 DPD,SMS,PKT3_PreLegal_EN,628,,
2026-04-21,Weekday,3,61-90 DPD,Push,Legal_Warning_EN,2007,,
2026-04-21,Weekday,3,61-90 DPD,IVR,LPC_EN,3692,961,0.260293
2026-04-21,Weekday,3,61-90 DPD,NABA,PKT3_PreLegal_EN,401,399,0.995012
2026-04-21,Weekday,3,>91 DPD,SMS,NPA_Offer_EN,1591,,
2026-04-21,Weekday,3,>91 DPD,Push,NPA_Offer_EN,5702,,
2026-04-21,Weekday,3,>91 DPD,IVR,NPA_Offer_EN,12242,2434,0.198824
2026-04-21,Weekday,3,>91 DPD,NABA,NPA_Offer_EN,882,873,0.989796
2026-04-21,Weekday,3,Write-off,SMS,Write_Off_EN,1557,,
2026-04-21,Weekday,3,Write-off,Push,Write_Off_EN,3077,,
2026-04-21,Weekday,3,Write-off,IVR,Write_Off_EN,8614,1469,0.170536
2026-04-21,Weekday,3,Write-off,NABA,Write_Off_EN,808,765,0.946782
2026-04-22,Weekday,4,1-30 DPD,SMS,Bucket1_EN,2785,,
2026-04-22,Weekday,4,1-30 DPD,Push,Bucket1_EN,8068,,
2026-04-22,Weekday,4,1-30 DPD,IVR,Due_Reminder_EN,15346,5118,0.333507
2026-04-22,Weekday,4,1-30 DPD,NABA,Bucket1_EN,443,441,0.995485
2026-04-22,Weekday,4,31-60 DPD,SMS,Bucket2_EN,1309,,
2026-04-22,Weekday,4,31-60 DPD,Push,Bucket2_EN,4765,,
2026-04-22,Weekday,4,31-60 DPD,IVR,Due_Reminder_EN,8075,2395,0.296594
2026-04-22,Weekday,4,31-60 DPD,NABA,Bucket2_EN,247,246,0.995951
2026-04-22,Weekday,4,61-90 DPD,SMS,PKT3_PreLegal_EN,716,,
2026-04-22,Weekday,4,61-90 DPD,Push,PKT3_PreLegal_EN,1927,,
2026-04-22,Weekday,4,61-90 DPD,IVR,LPC_EN,3995,1130,0.282854
2026-04-22,Weekday,4,61-90 DPD,NABA,PKT3_PreLegal_EN,328,326,0.993902
2026-04-22,Weekday,4,>91 DPD,SMS,NPA_Offer_EN,1594,,
2026-04-22,Weekday,4,>91 DPD,Push,NPA_Offer_EN,5607,,
2026-04-22,Weekday,4,>91 DPD,IVR,NPA_Offer_EN,12209,2438,0.199689
2026-04-22,Weekday,4,>91 DPD,NABA,NPA_Offer_EN,1032,1021,0.989341
2026-04-22,Weekday,4,Write-off,SMS,Write_Off_EN,1513,,
2026-04-22,Weekday,4,Write-off,Push,Write_Off_EN,3139,,
2026-04-22,Weekday,4,Write-off,IVR,Write_Off_EN,10594,1819,0.171701
2026-04-22,Weekday,4,Write-off,NABA,Write_Off_EN,977,924,0.945752
2026-04-23,Weekday,4,1-30 DPD,SMS,Bucket1_EN,2231,,
2026-04-23,Weekday,4,1-30 DPD,Push,Due_Reminder_EN,7270,,
2026-04-23,Weekday,4,1-30 DPD,IVR,Due_Reminder_EN,13212,4674,0.353769
2026-04-23,Weekday,4,1-30 DPD,NABA,Bucket1_EN,430,428,0.995349
2026-04-23,Weekday,4,31-60 DPD,SMS,Bucket2_EN,1302,,
2026-04-23,Weekday,4,31-60 DPD,Push,Bucket2_EN,4083,,
2026-04-23,Weekday,4,31-60 DPD,IVR,Due_Reminder_EN,7873,2254,0.286295
2026-04-23,Weekday,4,31-60 DPD,NABA,Bucket2_EN,249,248,0.995984
2026-04-23,Weekday,4,61-90 DPD,SMS,PKT3_PreLegal_EN,633,,
2026-04-23,Weekday,4,61-90 DPD,Push,PKT3_PreLegal_EN,2198,,
2026-04-23,Weekday,4,61-90 DPD,IVR,LPC_EN,3984,1045,0.262299
2026-04-23,Weekday,4,61-90 DPD,NABA,PKT3_PreLegal_EN,355,353,0.994366
2026-04-23,Weekday,4,>91 DPD,SMS,NPA_Offer_EN,1899,,
2026-04-23,Weekday,4,>91 DPD,Push,NPA_Offer_EN,5120,,
2026-04-23,Weekday,4,>91 DPD,IVR,NPA_Offer_EN,12072,2459,0.203694
2026-04-23,Weekday,4,>91 DPD,NABA,NPA_Offer_EN,1003,994,0.991027
2026-04-23,Weekday,4,Write-off,SMS,Write_Off_EN,1746,,
2026-04-23,Weekday,4,Write-off,Push,Write_Off_EN,3010,,
2026-04-23,Weekday,4,Write-off,IVR,Write_Off_EN,8954,1637,0.182823
2026-04-23,Weekday,4,Write-off,NABA,Write_Off_EN,847,803,0.948052
2026-04-24,Weekend,4,1-30 DPD,IVR,Due_Reminder_EN,4390,1482,0.337585
2026-04-24,Weekend,4,31-60 DPD,IVR,Due_Reminder_EN,2749,872,0.317206
2026-04-24,Weekend,4,61-90 DPD,IVR,LPC_EN,1165,303,0.260086
2026-04-24,Weekend,4,>91 DPD,IVR,NPA_Offer_EN,3844,804,0.209157
2026-04-24,Weekend,4,Write-off,IVR,Write_Off_EN,3167,511,0.161351
2026-04-25,Weekend,4,1-30 DPD,IVR,Due_Reminder_EN,5003,1699,0.339596
2026-04-25,Weekend,4,31-60 DPD,IVR,Due_Reminder_EN,2279,686,0.301009
2026-04-25,Weekend,4,61-90 DPD,IVR,LPC_EN,1204,327,0.271595
2026-04-25,Weekend,4,>91 DPD,IVR,NPA_Offer_EN,3582,697,0.194584
2026-04-25,Weekend,4,Write-off,IVR,Write_Off_EN,3543,595,0.167937
2026-04-26,Weekday,4,1-30 DPD,SMS,Bucket1_EN,2585,,
2026-04-26,Weekday,4,1-30 DPD,Push,Bucket1_EN,8153,,
2026-04-26,Weekday,4,1-30 DPD,IVR,Due_Reminder_EN,12685,4794,0.377927
2026-04-26,Weekday,4,1-30 DPD,NABA,Bucket1_EN,509,507,0.996071
2026-04-26,Weekday,4,31-60 DPD,SMS,Bucket2_EN,1469,,
2026-04-26,Weekday,4,31-60 DPD,Push,Bucket2_EN,4818,,
2026-04-26,Weekday,4,31-60 DPD,IVR,Due_Reminder_EN,6644,1889,0.284317
2026-04-26,Weekday,4,31-60 DPD,NABA,Bucket2_EN,263,262,0.996198
2026-04-26,Weekday,4,61-90 DPD,SMS,PKT3_PreLegal_EN,610,,
2026-04-26,Weekday,4,61-90 DPD,Push,PKT3_PreLegal_EN,1946,,
2026-04-26,Weekday,4,61-90 DPD,IVR,LPC_EN,3969,1054,0.265558
2026-04-26,Weekday,4,61-90 DPD,NABA,PKT3_PreLegal_EN,319,317,0.99373
2026-04-26,Weekday,4,>91 DPD,SMS,NPA_Offer_EN,1864,,
2026-04-26,Weekday,4,>91 DPD,Push,NPA_Offer_EN,4654,,
2026-04-26,Weekday,4,>91 DPD,IVR,NPA_Offer_EN,11406,2224,0.194985
2026-04-26,Weekday,4,>91 DPD,NABA,NPA_Offer_EN,869,860,0.989643
2026-04-26,Weekday,4,Write-off,SMS,Write_Off_EN,1575,,
2026-04-26,Weekday,4,Write-off,Push,Write_Off_EN,3297,,
2026-04-26,Weekday,4,Write-off,IVR,Write_Off_EN,10117,1636,0.161708
2026-04-26,Weekday,4,Write-off,NABA,Write_Off_EN,849,804,0.946996
2026-04-27,Weekday,4,1-30 DPD,SMS,Bucket1_EN,2272,,
2026-04-27,Weekday,4,1-30 DPD,Push,Due_Reminder_EN,7672,,
2026-04-27,Weekday,4,1-30 DPD,IVR,Due_Reminder_EN,13180,4589,0.348179
2026-04-27,Weekday,4,1-30 DPD,NABA,Bucket1_EN,505,503,0.99604
2026-04-27,Weekday,4,31-60 DPD,SMS,Bucket2_EN,1426,,
2026-04-27,Weekday,4,31-60 DPD,Push,Bucket2_EN,4525,,
2026-04-27,Weekday,4,31-60 DPD,IVR,Due_Reminder_EN,7949,2214,0.278526
2026-04-27,Weekday,4,31-60 DPD,NABA,Bucket2_EN,267,266,0.996255
2026-04-27,Weekday,4,61-90 DPD,SMS,PKT3_PreLegal_EN,616,,
2026-04-27,Weekday,4,61-90 DPD,Push,PKT3_PreLegal_EN,2082,,
2026-04-27,Weekday,4,61-90 DPD,IVR,LPC_EN,3801,992,0.260984
2026-04-27,Weekday,4,61-90 DPD,NABA,PKT3_PreLegal_EN,350,348,0.994286
2026-04-27,Weekday,4,>91 DPD,SMS,NPA_Offer_EN,1713,,
2026-04-27,Weekday,4,>91 DPD,Push,NPA_Offer_EN,5319,,
2026-04-27,Weekday,4,>91 DPD,IVR,NPA_Offer_EN,11832,2573,0.217461
2026-04-27,Weekday,4,>91 DPD,NABA,NPA_Offer_EN,930,921,0.990323
2026-04-27,Weekday,4,Write-off,SMS,Write_Off_EN,1629,,
2026-04-27,Weekday,4,Write-off,Push,Write_Off_EN,2675,,
2026-04-27,Weekday,4,Write-off,IVR,Write_Off_EN,9917,1646,0.165978
2026-04-27,Weekday,4,Write-off,NABA,Write_Off_EN,863,817,0.946698
2026-04-28,Weekday,4,1-30 DPD,SMS,Due_Reminder_EN,2599,,
2026-04-28,Weekday,4,1-30 DPD,Push,Bucket1_EN,6728,,
2026-04-28,Weekday,4,1-30 DPD,IVR,Due_Reminder_EN,13201,4830,0.365881
2026-04-28,Weekday,4,1-30 DPD,NABA,Bucket1_EN,489,487,0.99591
2026-04-28,Weekday,4,31-60 DPD,SMS,Bucket2_EN,1322,,
2026-04-28,Weekday,4,31-60 DPD,Push,Bucket2_EN,4684,,
2026-04-28,Weekday,4,31-60 DPD,IVR,Due_Reminder_EN,8062,2520,0.312578
2026-04-28,Weekday,4,31-60 DPD,NABA,Bucket2_EN,223,222,0.995516
2026-04-28,Weekday,4,61-90 DPD,SMS,PKT3_PreLegal_EN,602,,
2026-04-28,Weekday,4,61-90 DPD,Push,PKT3_PreLegal_EN,2202,,
2026-04-28,Weekday,4,61-90 DPD,IVR,LPC_EN,3670,976,0.26594
2026-04-28,Weekday,4,61-90 DPD,NABA,PKT3_PreLegal_EN,327,326,0.996942
2026-04-28,Weekday,4,>91 DPD,SMS,NPA_Offer_EN,1825,,
2026-04-28,Weekday,4,>91 DPD,Push,NPA_Offer_EN,5594,,
2026-04-28,Weekday,4,>91 DPD,IVR,NPA_Offer_EN,10204,1988,0.194826
2026-04-28,Weekday,4,>91 DPD,NABA,NPA_Offer_EN,906,896,0.988962
2026-04-28,Weekday,4,Write-off,SMS,Write_Off_EN,1725,,
2026-04-28,Weekday,4,Write-off,Push,Write_Off_EN,3255,,
2026-04-28,Weekday,4,Write-off,IVR,Write_Off_EN,10254,1724,0.16813
2026-04-28,Weekday,4,Write-off,NABA,Write_Off_EN,949,898,0.946259
2026-04-29,Weekday,4,1-30 DPD,SMS,Bucket1_EN,2363,,
2026-04-29,Weekday,4,1-30 DPD,Push,Due_Reminder_EN,7112,,
2026-04-29,Weekday,4,1-30 DPD,IVR,Due_Reminder_EN,13971,4829,0.345645
2026-04-29,Weekday,4,1-30 DPD,NABA,Bucket1_EN,459,457,0.995643
2026-04-29,Weekday,4,31-60 DPD,SMS,Bucket2_EN,1511,,
2026-04-29,Weekday,4,31-60 DPD,Push,Bucket2_EN,4690,,
2026-04-29,Weekday,4,31-60 DPD,IVR,Due_Reminder_EN,7230,2310,0.319502
2026-04-29,Weekday,4,31-60 DPD,NABA,Bucket2_EN,236,235,0.995763
2026-04-29,Weekday,4,61-90 DPD,SMS,PKT3_PreLegal_EN,612,,
2026-04-29,Weekday,4,61-90 DPD,Push,PKT3_PreLegal_EN,1970,,
2026-04-29,Weekday,4,61-90 DPD,IVR,LPC_EN,3568,1004,0.28139
2026-04-29,Weekday,4,61-90 DPD,NABA,PKT3_PreLegal_EN,397,395,0.994962
2026-04-29,Weekday,4,>91 DPD,SMS,NPA_Offer_EN,1743,,
2026-04-29,Weekday,4,>91 DPD,Push,NPA_Offer_EN,5161,,
2026-04-29,Weekday,4,>91 DPD,IVR,NPA_Offer_EN,11143,2228,0.199946
2026-04-29,Weekday,4,>91 DPD,NABA,NPA_Offer_EN,1024,1014,0.990234
2026-04-29,Weekday,4,Write-off,SMS,Write_Off_EN,1562,,
2026-04-29,Weekday,4,Write-off,Push,Write_Off_EN,2807,,
2026-04-29,Weekday,4,Write-off,IVR,Write_Off_EN,9649,1625,0.168411
2026-04-29,Weekday,4,Write-off,NABA,Write_Off_EN,923,874,0.946912
2026-04-30,Weekday,4,1-30 DPD,SMS,Bucket1_EN,2658,,
2026-04-30,Weekday,4,1-30 DPD,Push,Bucket1_EN,6494,,
2026-04-30,Weekday,4,1-30 DPD,IVR,Due_Reminder_EN,15485,5621,0.362996
2026-04-30,Weekday,4,1-30 DPD,NABA,Bucket1_EN,459,457,0.995643
2026-04-30,Weekday,4,31-60 DPD,SMS,Bucket2_EN,1492,,
2026-04-30,Weekday,4,31-60 DPD,Push,Bucket2_EN,4883,,
2026-04-30,Weekday,4,31-60 DPD,IVR,Due_Reminder_EN,7284,2078,0.285283
2026-04-30,Weekday,4,31-60 DPD,NABA,Bucket2_EN,229,228,0.995633
2026-04-30,Weekday,4,61-90 DPD,SMS,PKT3_PreLegal_EN,603,,
2026-04-30,Weekday,4,61-90 DPD,Push,PKT3_PreLegal_EN,2128,,
2026-04-30,Weekday,4,61-90 DPD,IVR,LPC_EN,3942,1003,0.254439
2026-04-30,Weekday,4,61-90 DPD,NABA,PKT3_PreLegal_EN,370,368,0.994595
2026-04-30,Weekday,4,>91 DPD,SMS,NPA_Offer_EN,1592,,
2026-04-30,Weekday,4,>91 DPD,Push,NPA_Offer_EN,5156,,
2026-04-30,Weekday,4,>91 DPD,IVR,NPA_Offer_EN,11382,2293,0.201458
2026-04-30,Weekday,4,>91 DPD,NABA,NPA_Offer_EN,1002,993,0.991018
2026-04-30,Weekday,4,Write-off,SMS,Write_Off_EN,1819,,
2026-04-30,Weekday,4,Write-off,Push,Write_Off_EN,2992,,
2026-04-30,Weekday,4,Write-off,IVR,Write_Off_EN,10446,1701,0.162837
2026-04-30,Weekday,4,Write-off,NABA,Write_Off_EN,986,933,0.946247
